<?xml version="1.0" encoding="UTF-8" ?>
<!DOCTYPE log4j:configuration SYSTEM "http://logging.apache.org/log4j/1.2/apidocs/org/apache/log4j/xml/doc-files/log4j.dtd">
<log4j:configuration>
  <!--  <appender name="console" class="org.apache.log4j.ConsoleAppender" -->
    <appender name="FileAppender" class="org.apache.log4j.FileAppender">
        <param name="Threshold" value="INFO"/>
        <param name="File" value="logfile.log" />

        <layout class="org.apache.log4j.PatternLayout">
        <param name="ConversionPattern" value="%d %-5p [%c{1}] %m %n"/>
        </layout>
    </appender>

    <root>
        <level value ="INFO" />
        <appender-ref ref="FileAppender" />
    </root>

</log4j:configuration>